,player,rank,pos,age,team_id,g,gs,mp_per_g,fg_per_g,fga_per_g,fg_pct,fg3_per_g,fg3a_per_g,fg3_pct,fg2_per_g,fg2a_per_g,fg2_pct,efg_pct,ft_per_g,fta_per_g,ft_pct,orb_per_g,drb_per_g,trb_per_g,ast_per_g,stl_per_g,blk_per_g,tov_per_g,pf_per_g,pts_per_g,mp,per,ts_pct,fg3a_per_fga_pct,fta_per_fga_pct,orb_pct,drb_pct,trb_pct,ast_pct,stl_pct,blk_pct,tov_pct,usg_pct,dws,ws,ws_per_48,obpm,dbpm,bpm,vorp,season,experience,svm_distance,norm_svm_dist_score,first,share,pca_distance
0,Adam Flagler,687.0,SG,24.0,OKC,2.0,0.0,7.0,0.5,3.5,0.143,0.5,3.0,0.167,0.0,0.5,0.0,0.214,0.0,0.0,0.0,0.0,0.0,0.0,2.0,0.0,0.0,0.0,0.0,1.5,14.0,0.6,0.214,0.857,0.0,0.0,0.0,0.0,33.6,0.0,0.0,0.0,21.7,0.0,0.0,-0.159,-6.7,-3.9,-10.6,0.0,2024,1,,,,,
1,Adama Sanogo,547.0,PF,21.0,CHI,9.0,0.0,7.3,1.6,3.0,0.519,0.0,0.0,0.0,1.6,3.0,0.519,0.519,0.9,1.3,0.667,2.1,1.9,4.0,0.0,0.1,0.0,0.6,0.6,4.0,66.0,21.9,0.558,0.0,0.444,31.6,29.4,30.5,0.0,0.8,0.0,13.4,24.8,0.1,0.2,0.133,-0.4,-6.3,-6.7,-0.1,2024,1,,,,,
2,Alex Fudge,437.0,SF,20.0,LAL,6.0,0.0,13.0,2.5,4.5,0.556,0.5,1.5,0.333,2.0,3.0,0.667,0.611,0.5,0.5,1.0,1.0,0.5,1.5,0.0,1.5,0.0,0.5,0.5,5.5,26.0,16.2,0.611,0.333,0.333,16.7,4.2,7.9,0.0,5.5,0.0,12.7,24.3,0.0,0.1,0.108,-0.4,2.1,1.7,0.0,2024,1,,,,,
3,Amari Bailey,644.0,PG,19.0,CHO,10.0,0.0,6.5,0.8,2.4,0.333,0.1,0.8,0.125,0.7,1.6,0.438,0.354,0.6,0.7,0.857,0.6,0.3,0.9,0.7,0.3,0.0,0.4,0.2,2.3,65.0,9.7,0.425,0.333,0.292,10.1,5.3,7.8,15.2,2.3,0.0,12.9,21.1,0.0,-0.1,-0.044,-5.2,-3.1,-8.3,-0.1,2024,1,,,,,
4,Amen Thompson,250.0,SF,21.0,HOU,62.0,23.0,22.4,3.9,7.2,0.536,0.1,0.9,0.138,3.7,6.3,0.595,0.545,1.7,2.5,0.684,2.4,4.2,6.6,2.6,1.3,0.6,1.5,2.3,9.5,1388.0,18.2,0.576,0.13,0.348,11.3,20.4,15.8,17.0,2.7,2.5,14.9,18.5,2.4,4.3,0.149,-0.1,1.9,1.8,1.3,2024,1,,,,,
5,Andre Jackson Jr.,654.0,SG,22.0,MIL,57.0,8.0,10.0,0.9,1.8,0.5,0.3,0.8,0.37,0.6,0.9,0.611,0.585,0.1,0.2,0.727,0.8,1.2,2.0,0.9,0.3,0.1,0.5,1.6,2.2,572.0,8.5,0.596,0.46,0.11,8.4,13.1,10.8,10.8,1.3,0.9,21.1,10.0,0.5,1.0,0.081,-3.6,0.0,-3.6,-0.2,2024,1,,,,,
6,Anthony Black,495.0,PG,20.0,ORL,69.0,33.0,16.9,1.7,3.6,0.466,0.5,1.4,0.394,1.1,2.2,0.51,0.54,0.7,1.2,0.613,0.5,1.5,2.0,1.3,0.5,0.3,0.8,1.6,4.6,1164.0,8.4,0.56,0.381,0.324,3.3,10.8,7.0,10.6,1.5,1.7,16.6,12.7,1.5,1.6,0.067,-3.8,0.8,-3.0,-0.3,2024,1,,,,,
7,Ausar Thompson,272.0,SF,21.0,DET,63.0,38.0,25.1,3.7,7.6,0.483,0.3,1.8,0.186,3.3,5.8,0.575,0.505,1.1,1.9,0.597,2.0,4.3,6.4,1.9,1.1,0.9,1.3,2.8,8.8,1583.0,12.8,0.522,0.235,0.248,8.9,19.6,14.2,10.8,2.1,3.2,13.6,16.6,1.7,1.8,0.053,-2.8,0.6,-2.2,-0.1,2024,1,,,,,
8,Ben Sheppard,513.0,SG,22.0,IND,57.0,1.0,14.3,1.6,4.0,0.393,0.9,2.7,0.314,0.7,1.3,0.562,0.5,0.4,0.5,0.885,0.3,1.3,1.6,0.9,0.6,0.0,0.3,1.5,4.4,814.0,8.1,0.524,0.681,0.114,2.1,10.3,6.2,7.5,1.9,0.2,5.9,13.2,0.4,0.8,0.046,-3.3,-0.1,-3.4,-0.3,2024,1,,,,,
9,Bilal Coulibaly,289.0,SF,19.0,WAS,63.0,15.0,27.2,3.0,6.9,0.435,1.0,2.9,0.346,2.0,3.9,0.502,0.509,1.5,2.1,0.702,0.9,3.2,4.1,1.7,0.9,0.8,1.4,2.2,8.4,1715.0,8.9,0.543,0.428,0.303,3.4,12.8,8.0,8.2,1.6,2.3,15.1,14.2,0.9,0.4,0.013,-3.6,-0.5,-4.2,-0.9,2024,1,,,,,
10,Brandin Podziemski,258.0,SG,20.0,GSW,74.0,28.0,26.6,3.7,8.1,0.454,1.2,3.2,0.385,2.4,4.9,0.499,0.529,0.7,1.1,0.633,1.6,4.2,5.8,3.7,0.8,0.2,1.2,1.6,9.2,1968.0,13.0,0.54,0.392,0.132,6.6,16.7,11.7,18.1,1.5,0.6,12.2,15.4,2.0,4.1,0.1,-0.5,0.4,-0.1,0.9,2024,1,,,,,
11,Brandon Miller,82.0,SF,21.0,CHO,74.0,68.0,32.2,6.4,14.6,0.44,2.5,6.7,0.373,3.9,8.0,0.495,0.524,1.9,2.3,0.827,0.8,3.4,4.3,2.4,0.9,0.6,1.8,2.5,17.3,2383.0,13.0,0.552,0.455,0.16,2.7,12.4,7.4,11.6,1.4,1.6,10.2,23.9,1.0,0.8,0.015,-0.9,-1.6,-2.6,-0.3,2024,1,,,,,
12,Brice Sensabaugh,332.0,SF,20.0,UTA,32.0,11.0,18.3,2.7,6.8,0.39,1.1,3.6,0.296,1.6,3.2,0.495,0.468,1.2,1.3,0.902,0.5,2.7,3.2,1.7,0.4,0.2,1.5,1.3,7.5,584.0,8.6,0.511,0.528,0.188,3.0,16.1,9.6,13.0,1.1,0.9,16.6,20.3,0.2,-0.3,-0.024,-3.3,-2.1,-5.5,-0.5,2024,1,,,,,
13,Cam Whitmore,175.0,SF,19.0,HOU,47.0,2.0,18.7,4.5,9.9,0.454,1.7,4.7,0.359,2.8,5.3,0.538,0.539,1.6,2.4,0.679,0.9,2.9,3.8,0.7,0.6,0.4,1.0,1.4,12.3,880.0,16.6,0.561,0.471,0.24,5.3,16.7,11.0,6.0,1.7,1.8,8.2,27.1,1.1,1.5,0.082,1.0,-0.9,0.1,0.5,2024,1,,,,,
14,Cason Wallace,375.0,SG,20.0,OKC,82.0,13.0,20.6,2.6,5.4,0.491,1.2,2.9,0.419,1.5,2.5,0.572,0.602,0.4,0.5,0.784,0.6,1.6,2.3,1.5,0.9,0.5,0.5,1.6,6.8,1692.0,12.0,0.612,0.529,0.084,3.6,8.6,6.2,8.9,2.2,2.0,8.9,12.9,2.1,4.0,0.115,-0.9,1.0,0.1,0.9,2024,1,,,,,
15,Chet Holmgren,94.0,C,21.0,OKC,82.0,82.0,29.4,6.2,11.6,0.53,1.6,4.3,0.37,4.6,7.4,0.623,0.598,2.7,3.4,0.793,1.6,6.3,7.9,2.4,0.6,2.3,1.6,2.4,16.5,2413.0,20.4,0.632,0.366,0.289,6.2,23.1,15.0,11.6,1.1,7.3,10.9,21.6,4.4,8.9,0.178,1.8,1.5,3.4,3.3,2024,1,,,,,
16,Chris Livingston,702.0,SF,20.0,MIL,21.0,0.0,4.3,0.5,1.0,0.5,0.0,0.2,0.2,0.5,0.8,0.588,0.523,0.1,0.2,0.75,0.1,0.9,1.0,0.2,0.1,0.0,0.2,0.7,1.2,90.0,6.9,0.547,0.227,0.182,3.7,21.5,12.8,7.2,1.1,0.0,17.4,13.8,0.1,0.1,0.027,-7.0,-1.0,-8.0,-0.1,2024,1,,,,,
17,Colby Jones,656.0,SG,21.0,SAC,30.0,0.0,6.4,0.9,2.4,0.394,0.1,0.7,0.091,0.9,1.6,0.531,0.408,0.2,0.4,0.545,0.6,0.8,1.3,0.7,0.2,0.2,0.3,1.0,2.1,192.0,8.9,0.422,0.31,0.155,9.7,13.7,11.7,13.9,1.8,2.4,11.6,19.1,0.2,0.0,0.007,-5.4,0.4,-5.0,-0.1,2024,1,,,,,
18,Colin Castleton,684.0,C,23.0,LAL,16.0,0.0,3.7,0.6,1.0,0.563,0.0,0.0,0.0,0.6,1.0,0.563,0.563,0.4,0.4,1.0,0.4,0.4,0.8,0.2,0.1,0.0,0.2,0.7,1.5,59.0,13.0,0.644,0.0,0.375,11.9,10.8,11.3,6.8,1.6,0.0,13.9,15.8,0.0,0.2,0.128,-3.9,-1.4,-5.2,0.0,2024,1,,,,,
19,Collin Gillespie,583.0,PG,24.0,DEN,24.0,0.0,9.4,1.3,2.9,0.464,0.6,1.6,0.395,0.7,1.3,0.548,0.572,0.3,0.5,0.667,0.0,0.8,0.9,1.1,0.5,0.0,0.6,1.0,3.6,225.0,11.0,0.586,0.551,0.174,0.5,9.6,5.2,15.5,2.9,0.0,15.9,17.1,0.3,0.4,0.076,-3.7,0.9,-2.7,0.0,2024,1,,,,,
20,Craig Porter Jr.,430.0,PG,23.0,CLE,51.0,6.0,12.7,2.3,4.5,0.509,0.2,0.7,0.353,2.0,3.8,0.536,0.535,0.8,1.1,0.732,0.4,1.7,2.1,2.3,0.4,0.3,0.9,0.8,5.6,649.0,15.4,0.564,0.149,0.246,3.7,15.1,9.4,26.5,1.6,2.1,15.1,20.2,0.9,1.5,0.108,-0.6,1.1,0.5,0.4,2024,1,,,,,
21,D'Moi Hodge,661.0,SG,25.0,LAL,7.0,0.0,5.9,0.7,2.1,0.333,0.4,1.7,0.25,0.3,0.4,0.667,0.433,0.1,0.3,0.5,0.0,0.0,0.0,0.7,0.1,0.1,0.1,0.6,2.0,41.0,6.1,0.441,0.8,0.133,0.0,0.0,0.0,15.6,1.2,2.1,5.9,17.8,0.0,0.0,-0.019,-3.7,-2.6,-6.3,0.0,2024,1,,,,,
22,D.J. Carton,627.0,SG,23.0,TOR,4.0,0.0,9.0,0.8,2.0,0.375,0.3,1.0,0.25,0.5,1.0,0.5,0.438,1.0,1.3,0.8,0.5,0.5,1.0,0.8,0.3,0.0,0.3,0.8,2.8,36.0,9.6,0.539,0.5,0.625,6.0,6.2,6.1,10.5,1.3,0.0,8.9,13.3,0.0,0.0,0.062,-4.2,-1.1,-5.3,0.0,2024,1,,,,,
23,Dariq Whitehead,686.0,SF,19.0,BRK,2.0,0.0,12.0,0.5,2.5,0.2,0.0,1.5,0.0,0.5,1.0,0.5,0.2,0.5,1.0,0.5,0.0,2.0,2.0,1.5,0.0,0.5,0.0,0.0,1.5,24.0,4.9,0.255,0.6,0.4,0.0,18.8,9.1,15.6,0.0,3.8,0.0,10.6,0.0,0.0,-0.03,-5.5,-2.4,-7.9,0.0,2024,1,,,,,
24,Dereck Lively II,271.0,C,19.0,DAL,55.0,42.0,23.5,4.0,5.4,0.747,0.0,0.0,0.0,4.0,5.3,0.752,0.747,0.7,1.5,0.506,2.5,4.4,6.9,1.1,0.7,1.4,0.9,2.6,8.8,1294.0,18.1,0.728,0.007,0.274,11.4,20.4,16.0,6.4,1.3,5.2,13.1,12.6,1.8,4.9,0.183,-0.3,0.8,0.5,0.8,2024,1,,,,,
25,Dexter Dennis,434.0,SG,24.0,DAL,4.0,0.0,7.5,2.5,4.8,0.526,0.3,2.0,0.125,2.3,2.8,0.818,0.553,0.3,0.8,0.333,0.3,2.0,2.3,1.0,0.0,0.3,0.8,0.3,5.5,30.0,18.3,0.541,0.421,0.158,3.7,29.0,16.4,23.7,0.0,2.9,12.9,33.3,0.0,0.0,0.004,1.7,-0.1,1.7,0.0,2024,1,,,,,
26,Dmytro Skapintsev,732.0,C,25.0,NYK,2.0,0.0,1.0,0.0,0.5,0.0,0.0,0.0,0.0,0.0,0.5,0.0,0.0,0.0,0.0,0.0,0.0,0.0,0.0,0.0,0.0,0.0,0.0,0.0,0.0,2.0,-19.3,0.0,0.0,0.0,0.0,0.0,0.0,0.0,0.0,0.0,0.0,21.6,0.0,0.0,-0.483,-16.0,-9.8,-25.9,0.0,2024,1,,,,,
27,Drew Peterson,576.0,PF,24.0,BOS,3.0,0.0,7.7,1.3,2.0,0.667,1.0,1.7,0.6,0.3,0.3,1.0,0.917,0.0,0.0,0.0,0.0,0.3,0.3,0.3,0.7,0.0,0.3,0.3,3.7,23.0,18.5,0.917,0.833,0.0,0.0,4.5,2.3,5.9,4.3,0.0,14.3,13.3,0.0,0.1,0.194,3.8,1.6,5.3,0.0,2024,1,,,,,
28,Duop Reath,261.0,C,27.0,POR,68.0,20.0,17.9,3.4,7.3,0.461,1.3,3.6,0.359,2.1,3.7,0.559,0.549,1.0,1.4,0.742,1.4,2.3,3.7,1.0,0.5,0.6,0.8,2.4,9.1,1214.0,15.1,0.571,0.491,0.186,8.1,15.4,11.5,8.9,1.3,2.8,8.8,20.7,1.0,2.4,0.095,-0.2,-0.7,-0.9,0.3,2024,1,,,,,
29,E.J. Liddell,723.0,PF,23.0,NOP,8.0,0.0,2.9,0.1,0.8,0.167,0.0,0.6,0.0,0.1,0.1,1.0,0.167,0.3,0.3,1.0,0.0,0.6,0.6,0.1,0.3,0.3,0.3,0.3,0.5,23.0,4.3,0.291,0.833,0.333,0.0,23.9,12.1,5.2,4.3,8.6,22.5,16.8,0.1,0.0,-0.091,-8.7,4.0,-4.7,0.0,2024,1,,,,,
30,Emoni Bates,629.0,SF,20.0,CLE,15.0,0.0,8.9,1.0,3.3,0.306,0.7,2.2,0.303,0.3,1.1,0.313,0.408,0.1,0.3,0.25,0.1,0.9,0.9,0.7,0.1,0.1,0.5,0.3,2.7,133.0,2.6,0.404,0.673,0.082,0.9,10.9,5.9,10.0,0.4,1.4,13.6,19.5,0.1,-0.3,-0.092,-6.2,-3.0,-9.2,-0.2,2024,1,,,,,
31,Filip Petrušev,691.0,C,23.0,SAC,3.0,0.0,3.5,0.5,1.0,0.5,0.0,0.0,0.0,0.5,1.0,0.5,0.5,0.5,1.0,0.5,0.0,1.0,1.0,0.0,0.0,0.0,0.0,0.5,1.5,7.0,5.5,0.521,0.0,1.0,0.0,37.5,18.4,0.0,0.0,0.0,0.0,17.6,0.0,0.0,0.061,-3.0,-1.9,-4.9,0.0,2024,1,,,,,
32,GG Jackson II,119.0,PF,19.0,MEM,48.0,18.0,25.7,5.0,11.7,0.428,2.1,6.0,0.357,2.9,5.8,0.502,0.519,2.4,3.2,0.752,1.1,3.0,4.1,1.2,0.6,0.5,1.4,1.3,14.6,1233.0,13.7,0.554,0.508,0.272,4.5,13.2,8.7,8.0,1.1,1.8,9.3,24.2,1.1,1.2,0.048,-0.2,-1.8,-2.0,0.0,2024,1,,,,,
33,Gradey Dick,283.0,SG,20.0,TOR,60.0,17.0,21.1,3.2,7.4,0.425,1.5,4.0,0.365,1.7,3.4,0.495,0.524,0.7,0.9,0.863,0.5,1.8,2.2,1.1,0.6,0.0,0.8,1.5,8.5,1268.0,8.9,0.546,0.542,0.115,2.3,9.3,5.7,7.4,1.3,0.1,9.7,17.4,0.4,0.3,0.01,-3.2,-2.2,-5.4,-1.1,2024,1,,,,,
34,Gui Santos,584.0,PF,21.0,GSW,23.0,0.0,8.3,1.2,2.4,0.509,0.4,1.2,0.37,0.8,1.2,0.643,0.6,0.7,0.7,0.941,0.7,1.4,2.1,0.6,0.2,0.1,0.3,1.0,3.6,192.0,15.6,0.656,0.491,0.309,9.7,17.7,13.8,9.6,1.0,0.9,10.1,15.2,0.2,0.7,0.169,0.0,-0.5,-0.5,0.1,2024,1,,,,,
35,Hunter Tyson,705.0,PF,23.0,DEN,18.0,0.0,2.7,0.4,1.1,0.4,0.2,0.8,0.286,0.2,0.3,0.667,0.5,0.0,0.0,0.0,0.1,0.4,0.5,0.1,0.1,0.0,0.1,0.6,1.1,48.0,6.0,0.5,0.7,0.0,2.4,18.0,10.4,5.6,1.0,0.0,9.1,20.0,0.1,0.0,0.007,-6.8,-2.1,-8.9,-0.1,2024,1,,,,,
36,Ibou Badji,688.0,C,21.0,POR,22.0,1.0,10.3,0.6,1.0,0.636,0.0,0.0,0.0,0.6,1.0,0.636,0.636,0.3,0.5,0.5,0.9,1.4,2.3,0.6,0.1,0.9,0.7,2.1,1.5,226.0,8.1,0.623,0.0,0.545,9.4,16.3,12.6,7.7,0.7,8.0,35.5,8.0,0.2,0.2,0.046,-7.7,1.9,-5.8,-0.2,2024,1,,,,,
37,Jacob Toppin,695.0,SF,23.0,NYK,9.0,0.0,4.2,0.6,1.0,0.556,0.1,0.4,0.25,0.4,0.6,0.8,0.611,0.2,0.2,1.0,0.3,0.4,0.8,0.3,0.0,0.1,0.1,0.3,1.4,38.0,14.3,0.658,0.444,0.222,8.8,11.9,10.3,10.9,0.0,2.5,9.2,12.4,0.0,0.1,0.161,0.6,-1.3,-0.7,0.0,2024,1,,,,,
38,Jaime Jaquez Jr.,193.0,SF,22.0,MIA,75.0,20.0,28.2,4.5,9.3,0.489,0.9,2.7,0.322,3.7,6.6,0.558,0.536,1.9,2.3,0.811,1.1,2.7,3.8,2.6,1.0,0.3,1.5,2.2,11.9,2113.0,12.9,0.574,0.29,0.251,4.4,11.0,7.6,13.9,1.8,0.9,12.4,18.7,2.7,4.0,0.092,-2.2,0.3,-1.9,0.1,2024,1,,,,,
39,Jalen Crutcher,729.0,PG,24.0,NOP,1.0,0.0,3.0,0.0,1.0,0.0,0.0,0.0,0.0,0.0,1.0,0.0,0.0,0.0,0.0,0.0,0.0,0.0,0.0,0.0,0.0,0.0,0.0,0.0,0.0,3.0,-12.6,0.0,0.0,0.0,0.0,0.0,0.0,0.0,0.0,0.0,0.0,14.5,0.0,0.0,-0.334,-18.5,-7.8,-26.2,0.0,2024,1,,,,,
40,Jalen Hood-Schifino,680.0,SG,20.0,LAL,21.0,0.0,5.2,0.5,2.1,0.222,0.1,0.7,0.133,0.4,1.4,0.267,0.244,0.6,1.0,0.6,0.1,0.5,0.6,0.4,0.1,0.1,0.4,0.6,1.6,109.0,-1.5,0.316,0.333,0.444,2.1,10.7,6.6,9.1,1.3,1.6,14.3,24.9,0.1,-0.5,-0.222,-12.4,-3.7,-16.1,-0.4,2024,1,,,,,
41,Jalen Pickett,678.0,SG,24.0,DEN,27.0,0.0,4.5,0.6,1.3,0.429,0.3,0.9,0.36,0.2,0.4,0.6,0.557,0.1,0.1,0.75,0.0,0.5,0.5,0.8,0.1,0.0,0.3,0.5,1.6,122.0,9.7,0.571,0.714,0.114,0.9,11.5,6.4,21.7,1.6,0.0,19.7,16.4,0.1,0.2,0.065,-2.7,-0.5,-3.3,0.0,2024,1,,,,,
42,Jalen Slawson,720.0,SF,24.0,SAC,12.0,0.0,3.1,0.3,0.5,0.667,0.0,0.2,0.0,0.3,0.3,1.0,0.667,0.0,0.0,0.0,0.1,0.5,0.6,0.2,0.1,0.1,0.2,0.7,0.7,37.0,6.6,0.667,0.333,0.0,3.0,18.6,10.6,6.9,1.3,2.5,25.0,9.2,0.0,0.0,0.058,-7.5,1.1,-6.4,0.0,2024,1,,,,,
43,Jalen Wilson,473.0,PF,23.0,BRK,43.0,3.0,15.4,1.8,4.2,0.425,0.6,1.7,0.324,1.2,2.4,0.495,0.492,0.9,1.1,0.826,1.1,2.0,3.0,1.0,0.3,0.1,0.4,1.1,5.0,664.0,10.8,0.537,0.413,0.257,7.5,14.2,10.8,9.3,0.8,0.5,8.7,14.3,0.4,1.1,0.077,-1.8,-1.1,-2.9,-0.2,2024,1,,,,,
44,Jarace Walker,585.0,PF,20.0,IND,33.0,0.0,10.3,1.4,3.3,0.409,0.7,1.7,0.4,0.7,1.7,0.418,0.509,0.2,0.3,0.889,0.4,1.5,1.9,1.2,0.5,0.3,0.5,0.9,3.6,340.0,11.8,0.527,0.5,0.082,4.0,17.0,10.5,13.9,2.1,2.6,13.0,16.1,0.3,0.4,0.058,-0.5,0.7,0.2,0.2,2024,1,,,,,
45,Javon Freeman-Liberty,362.0,PG,24.0,TOR,22.0,6.0,18.3,2.5,5.6,0.444,0.5,1.9,0.238,2.0,3.7,0.549,0.484,1.5,1.6,0.917,0.7,2.5,3.2,1.8,0.5,0.2,1.1,1.3,7.0,403.0,10.7,0.547,0.339,0.29,4.3,15.1,9.6,13.4,1.2,0.9,15.2,17.5,0.2,0.2,0.029,-3.1,-2.0,-5.2,-0.3,2024,1,,,,,
46,Jermaine Samuels,693.0,SF,25.0,HOU,14.0,0.0,4.3,0.6,1.0,0.643,0.0,0.1,0.0,0.6,0.9,0.75,0.643,0.1,0.1,1.0,0.2,0.7,0.9,0.2,0.1,0.1,0.0,0.4,1.4,60.0,15.1,0.672,0.143,0.143,5.3,18.1,11.6,7.0,0.8,3.1,0.0,10.5,0.1,0.2,0.178,-0.3,1.1,0.8,0.0,2024,1,,,,,
47,Jett Howard,682.0,SF,20.0,ORL,18.0,0.0,3.7,0.6,1.7,0.333,0.4,1.4,0.28,0.2,0.3,0.6,0.45,0.1,0.2,0.5,0.1,0.3,0.4,0.3,0.1,0.1,0.2,0.2,1.6,67.0,8.6,0.457,0.833,0.133,1.7,10.6,6.1,13.0,1.5,2.8,8.6,22.7,0.1,0.0,0.005,-1.4,-0.3,-1.8,0.0,2024,1,,,,,
48,Jordan Ford,668.0,PG,25.0,SAC,6.0,0.0,3.7,0.7,1.2,0.571,0.3,0.5,0.667,0.3,0.7,0.5,0.714,0.3,0.3,1.0,0.0,0.3,0.3,0.3,0.0,0.0,0.2,0.0,2.0,22.0,16.8,0.761,0.429,0.286,0.0,10.4,5.1,12.8,0.0,0.0,11.3,17.3,0.0,0.1,0.157,3.3,-1.1,2.2,0.0,2024,1,,,,,
49,Jordan Hawkins,319.0,SG,21.0,NOP,67.0,10.0,17.3,2.6,6.8,0.382,1.6,4.4,0.366,1.0,2.4,0.411,0.501,1.0,1.2,0.838,0.4,1.8,2.2,1.0,0.3,0.1,0.6,1.1,7.8,1160.0,10.2,0.533,0.654,0.175,2.8,11.3,7.1,8.2,0.8,0.6,7.5,19.9,1.0,1.3,0.053,-1.3,-1.7,-3.1,-0.3,2024,1,,,,,
50,Jordan Miller,679.0,SF,24.0,LAC,8.0,0.0,3.5,0.6,1.1,0.556,0.1,0.3,0.5,0.5,0.9,0.571,0.611,0.3,0.3,1.0,0.4,0.3,0.6,0.0,0.0,0.0,0.1,0.3,1.6,28.0,14.1,0.658,0.222,0.222,12.5,7.8,10.1,0.0,0.0,0.0,9.2,17.0,0.0,0.1,0.116,0.4,-4.2,-3.8,0.0,2024,1,,,,,
51,Jordan Walsh,673.0,SF,19.0,BOS,9.0,1.0,9.2,0.7,1.7,0.4,0.2,1.0,0.222,0.4,0.7,0.667,0.467,0.1,0.2,0.5,0.6,1.7,2.2,0.6,0.6,0.1,0.3,1.2,1.7,83.0,8.4,0.472,0.6,0.133,6.8,18.7,13.0,7.2,3.0,1.1,15.9,9.9,0.2,0.2,0.089,-5.6,1.8,-3.8,0.0,2024,1,,,,,
52,Jules Bernard,568.0,SG,24.0,WAS,19.0,0.0,7.8,1.5,3.4,0.453,0.6,1.5,0.379,0.9,1.8,0.514,0.539,0.3,0.5,0.556,0.5,0.8,1.4,0.8,0.2,0.1,0.4,0.7,3.9,149.0,12.7,0.544,0.453,0.141,7.0,11.8,9.3,15.4,0.9,0.5,10.5,21.5,0.0,0.1,0.026,-0.6,-2.5,-3.0,0.0,2024,1,,,,,
53,Julian Phillips,651.0,SF,20.0,CHI,40.0,0.0,8.1,0.8,1.9,0.416,0.3,1.0,0.316,0.5,1.0,0.513,0.494,0.3,0.5,0.684,0.3,0.6,0.9,0.3,0.2,0.2,0.3,1.0,2.2,323.0,7.0,0.521,0.494,0.247,4.1,8.5,6.2,5.3,1.1,2.2,10.5,13.0,0.2,0.2,0.031,-4.7,-0.6,-5.3,-0.3,2024,1,,,,,
54,Julian Strawther,498.0,SF,21.0,DEN,50.0,0.0,10.9,1.6,4.4,0.369,0.8,2.8,0.297,0.8,1.7,0.488,0.462,0.4,0.6,0.71,0.1,1.1,1.2,0.9,0.3,0.1,0.5,1.1,4.5,545.0,8.2,0.482,0.622,0.14,1.0,11.1,6.2,11.3,1.5,1.1,8.9,20.7,0.6,0.2,0.015,-4.6,-1.4,-6.0,-0.6,2024,1,,,,,
55,Kaiser Gates,730.0,SF,27.0,NOP,1.0,0.0,7.0,0.0,4.0,0.0,0.0,2.0,0.0,0.0,2.0,0.0,0.0,0.0,0.0,0.0,0.0,1.0,1.0,0.0,0.0,0.0,0.0,0.0,0.0,7.0,-19.9,0.0,0.5,0.0,0.0,15.7,8.0,0.0,0.0,0.0,0.0,24.9,0.0,-0.1,-0.558,-18.6,-10.1,-28.8,-0.1,2024,1,,,,,
56,Keyontae Johnson,703.0,SF,23.0,OKC,9.0,0.0,7.3,0.6,1.8,0.313,0.1,0.3,0.333,0.4,1.4,0.308,0.344,0.0,0.0,0.0,0.4,0.7,1.1,0.4,0.1,0.0,0.4,0.6,1.2,66.0,1.6,0.344,0.188,0.0,7.0,9.8,8.4,7.2,0.7,0.0,20.0,13.1,0.1,-0.1,-0.068,-7.5,-2.2,-9.8,-0.1,2024,1,,,,,
57,Keyonte George,158.0,PG,20.0,UTA,75.0,44.0,27.0,4.3,10.9,0.391,2.0,5.9,0.334,2.3,5.0,0.459,0.482,2.5,3.0,0.848,0.2,2.6,2.8,4.4,0.5,0.1,2.5,1.2,13.0,2023.0,10.4,0.533,0.54,0.274,0.8,10.6,5.7,23.1,0.9,0.3,17.1,22.8,0.1,-0.3,-0.008,-1.5,-2.9,-4.4,-1.2,2024,1,,,,,
58,Kobe Brown,660.0,PF,24.0,LAC,44.0,0.0,9.0,0.8,2.0,0.411,0.3,1.1,0.292,0.5,1.0,0.548,0.489,0.0,0.0,0.5,0.5,1.0,1.4,0.6,0.3,0.1,0.2,1.1,2.0,394.0,7.6,0.49,0.533,0.022,5.9,11.6,8.9,8.1,1.5,1.4,9.0,11.1,0.3,0.5,0.055,-4.0,0.2,-3.8,-0.2,2024,1,,,,,
59,Kobe Bufkin,484.0,SG,20.0,ATL,17.0,0.0,11.5,2.0,5.4,0.37,0.5,2.4,0.225,1.5,3.1,0.481,0.418,0.2,0.5,0.5,0.4,1.6,1.9,1.6,0.4,0.3,0.6,1.2,4.8,196.0,9.1,0.424,0.435,0.087,3.2,15.6,9.2,19.3,1.7,2.3,9.5,22.4,0.1,-0.1,-0.031,-4.3,-0.2,-4.5,-0.1,2024,1,,,,,
60,Kris Murray,412.0,SF,23.0,POR,62.0,29.0,21.7,2.3,5.9,0.396,0.8,3.0,0.268,1.5,3.0,0.525,0.463,0.6,0.9,0.661,1.4,2.2,3.6,1.3,0.9,0.3,0.9,1.5,6.1,1348.0,9.0,0.481,0.5,0.153,6.7,12.3,9.3,8.4,1.9,1.4,12.3,14.1,1.0,0.7,0.024,-3.5,-0.2,-3.6,-0.6,2024,1,,,,,
61,Leaky Black,628.0,SF,24.0,CHO,26.0,3.0,10.9,1.0,2.0,0.481,0.3,0.8,0.45,0.6,1.2,0.5,0.567,0.4,0.6,0.667,0.3,1.5,1.8,0.9,0.3,0.4,0.2,0.7,2.7,284.0,11.5,0.589,0.385,0.288,3.5,15.9,9.5,11.4,1.4,3.6,9.3,10.1,0.2,0.5,0.084,-2.6,0.3,-2.4,0.0,2024,1,,,,,
62,Leonard Miller,674.0,SF,20.0,MIN,17.0,0.0,3.1,0.8,1.2,0.65,0.1,0.3,0.4,0.6,0.9,0.733,0.7,0.1,0.1,0.5,0.3,0.9,1.2,0.5,0.1,0.1,0.1,0.3,1.7,52.0,27.0,0.694,0.25,0.1,11.5,31.3,21.8,25.5,1.9,1.7,4.6,18.6,0.1,0.3,0.323,5.9,3.7,9.6,0.2,2024,1,,,,,
63,Malcolm Cazalon,727.0,SG,22.0,DET,1.0,0.0,3.0,0.0,0.0,0.0,0.0,0.0,0.0,0.0,0.0,0.0,0.0,0.0,0.0,0.0,0.0,0.0,0.0,0.0,0.0,0.0,0.0,0.0,0.0,3.0,0.0,0.0,0.0,0.0,0.0,0.0,0.0,0.0,0.0,0.0,0.0,0.0,0.0,0.0,-0.012,-6.0,-3.2,-9.1,0.0,2024,1,,,,,
64,Marcus Sasser,290.0,PG,23.0,DET,71.0,11.0,19.0,3.1,7.2,0.428,1.3,3.4,0.375,1.8,3.8,0.474,0.516,0.8,0.9,0.879,0.2,1.6,1.8,3.3,0.6,0.2,1.3,1.5,8.3,1351.0,11.8,0.542,0.469,0.129,0.9,9.6,5.2,25.4,1.6,0.8,14.3,19.9,0.6,0.9,0.033,-1.5,-1.1,-2.6,-0.2,2024,1,,,,,
65,Markquis Nowell,669.0,SG,24.0,TOR,1.0,0.0,4.0,0.0,1.0,0.0,0.0,0.0,0.0,0.0,1.0,0.0,0.0,2.0,2.0,1.0,2.0,0.0,2.0,2.0,1.0,0.0,0.0,0.0,2.0,4.0,55.5,0.532,0.0,2.0,53.9,0.0,27.5,57.1,12.1,0.0,0.0,20.1,0.0,0.1,0.665,29.1,14.2,43.3,0.0,2024,1,,,,,
66,Matthew Hurt,549.0,PF,23.0,MEM,8.0,0.0,14.1,1.5,4.3,0.353,0.6,2.5,0.25,0.9,1.8,0.5,0.426,0.4,0.4,1.0,1.1,0.9,2.0,0.5,0.4,0.4,0.3,1.0,4.0,113.0,8.4,0.453,0.588,0.088,8.4,7.1,7.7,5.1,1.3,2.5,5.4,14.2,0.1,0.1,0.031,-3.0,-0.7,-3.7,-0.1,2024,1,,,,,
67,Maxwell Lewis,725.0,SF,21.0,LAL,34.0,0.0,3.0,0.1,0.6,0.19,0.0,0.3,0.111,0.1,0.4,0.25,0.214,0.1,0.1,0.667,0.1,0.1,0.1,0.2,0.1,0.0,0.3,0.1,0.3,103.0,-3.9,0.246,0.429,0.143,2.3,2.1,2.2,6.8,0.9,0.8,30.9,13.6,0.0,-0.4,-0.195,-10.3,-3.2,-13.5,-0.3,2024,1,,,,,
68,Mouhamadou Gueye,643.0,PF,25.0,TOR,11.0,0.0,10.9,1.0,3.5,0.289,0.0,0.3,0.0,1.0,3.2,0.314,0.289,0.4,0.8,0.444,1.1,1.0,2.1,0.5,0.3,1.6,1.1,1.4,2.4,120.0,4.6,0.31,0.079,0.237,10.8,10.3,10.5,5.3,1.2,13.2,22.2,19.2,0.2,-0.4,-0.147,-11.0,-0.9,-11.9,-0.3,2024,1,,,,,
69,Mouhamed Gueye,545.0,PF,21.0,ATL,6.0,0.0,12.2,1.3,3.8,0.348,0.5,1.5,0.333,0.8,2.3,0.357,0.413,0.8,1.0,0.833,1.7,2.0,3.7,0.7,0.8,0.7,0.2,2.2,4.0,73.0,15.0,0.468,0.391,0.261,14.4,18.6,16.4,7.0,3.3,4.9,3.8,15.2,0.1,0.2,0.127,-2.1,0.6,-1.5,0.0,2024,1,,,,,
70,Nathan Mensah,697.0,C,25.0,CHO,25.0,0.0,12.3,0.5,1.1,0.429,0.0,0.0,0.0,0.5,1.1,0.429,0.429,0.4,0.5,0.75,1.2,1.4,2.6,0.4,0.2,0.6,0.6,2.6,1.3,307.0,5.0,0.496,0.0,0.429,10.3,13.6,11.9,3.7,1.0,4.3,29.6,6.8,0.2,0.1,0.023,-8.7,-0.1,-8.8,-0.5,2024,1,,,,,
71,Nick Smith Jr.,420.0,SG,19.0,CHO,51.0,0.0,14.3,2.2,5.7,0.391,1.2,2.9,0.432,1.0,2.8,0.35,0.5,0.3,0.3,0.867,0.4,1.1,1.4,1.2,0.2,0.1,0.8,1.1,5.9,729.0,8.1,0.511,0.505,0.052,2.7,8.6,5.5,12.0,0.7,0.9,11.7,20.3,0.1,-0.5,-0.036,-3.1,-2.8,-5.9,-0.7,2024,1,,,,,
72,Noah Clowney,425.0,PF,19.0,BRK,23.0,4.0,16.1,2.2,4.0,0.538,0.5,1.4,0.364,1.7,2.6,0.633,0.602,0.9,1.3,0.7,1.1,2.4,3.5,0.8,0.3,0.7,0.7,1.1,5.8,370.0,14.2,0.626,0.355,0.323,7.5,16.7,12.0,6.9,1.1,3.9,12.4,14.2,0.4,0.9,0.111,-0.8,0.1,-0.7,0.1,2024,1,,,,,
73,Olivier-Maxence Prosper,616.0,PF,21.0,DAL,40.0,1.0,8.4,1.0,2.6,0.385,0.3,1.1,0.289,0.7,1.5,0.458,0.447,0.7,1.0,0.683,0.6,1.4,2.0,0.6,0.2,0.1,0.2,0.5,3.0,336.0,11.6,0.496,0.433,0.394,8.2,17.5,12.8,8.4,1.0,1.0,6.2,16.6,0.3,0.5,0.076,-1.7,-1.3,-2.9,-0.1,2024,1,,,,,
74,Onuralp Bitim,590.0,SG,24.0,CHI,23.0,1.0,11.7,1.4,3.7,0.381,0.5,1.9,0.273,0.9,1.7,0.5,0.452,0.2,0.2,0.8,0.3,1.1,1.4,0.6,0.1,0.1,0.4,1.0,3.5,268.0,5.0,0.464,0.524,0.06,2.5,11.1,6.7,6.5,0.6,0.8,10.4,15.8,0.1,-0.1,-0.027,-5.4,-2.0,-7.4,-0.4,2024,1,,,,,
75,Oscar Tshiebwe,602.0,PF,24.0,IND,8.0,0.0,5.3,1.3,2.5,0.5,0.0,0.0,0.0,1.3,2.5,0.5,0.5,0.8,1.0,0.75,1.0,1.0,2.0,0.3,0.3,0.1,0.0,0.4,3.3,42.0,24.8,0.553,0.0,0.4,21.6,21.6,21.6,6.4,2.2,1.9,0.0,23.5,0.0,0.2,0.221,4.5,-2.3,2.2,0.0,2024,1,,,,,
76,Pat Spencer,715.0,PG,27.0,GSW,6.0,0.0,4.3,0.3,0.7,0.5,0.0,0.3,0.0,0.3,0.3,1.0,0.5,0.0,0.0,0.0,0.3,0.3,0.7,0.8,0.0,0.0,0.2,0.2,0.7,26.0,9.4,0.5,0.5,0.0,8.4,8.2,8.3,23.3,0.0,0.0,20.0,8.1,0.0,0.0,0.084,-3.4,-3.1,-6.4,0.0,2024,1,,,,,
77,Pete Nance,724.0,PF,23.0,CLE,8.0,0.0,3.4,0.1,0.8,0.167,0.1,0.1,1.0,0.0,0.6,0.0,0.25,0.0,0.3,0.0,0.0,0.4,0.4,0.0,0.1,0.0,0.1,0.3,0.4,27.0,-3.9,0.218,0.167,0.333,0.0,12.3,6.2,0.0,1.8,0.0,12.7,12.9,0.0,-0.1,-0.154,-11.9,-3.2,-15.2,-0.1,2024,1,,,,,
78,Rayan Rupert,557.0,SG,19.0,POR,39.0,12.0,16.2,1.4,4.1,0.335,0.7,2.0,0.359,0.7,2.1,0.313,0.422,0.5,0.6,0.76,0.6,1.7,2.4,1.6,0.3,0.1,0.8,1.4,4.0,633.0,5.8,0.451,0.484,0.155,4.0,12.8,8.1,13.5,0.9,0.4,15.3,13.6,0.3,-0.1,-0.009,-5.6,-1.2,-6.7,-0.8,2024,1,,,,,
79,Ricky Council IV,448.0,SG,22.0,PHI,32.0,0.0,9.0,1.7,3.5,0.482,0.4,1.0,0.375,1.3,2.5,0.525,0.536,1.7,2.2,0.746,0.4,1.0,1.4,0.5,0.3,0.0,0.2,0.5,5.4,289.0,18.6,0.604,0.286,0.634,5.3,12.4,8.8,8.2,1.4,0.3,3.4,22.1,0.3,1.0,0.173,2.1,-0.8,1.3,0.2,2024,1,,,,,
80,Sasha Vezenkov,451.0,PF,28.0,SAC,42.0,0.0,12.2,2.0,4.5,0.44,1.1,2.9,0.375,0.9,1.7,0.549,0.558,0.3,0.4,0.8,0.7,1.6,2.3,0.5,0.5,0.2,0.3,1.0,5.4,511.0,13.3,0.569,0.628,0.079,6.4,14.8,10.5,5.1,1.9,1.3,5.7,17.5,0.5,1.0,0.098,-0.2,-0.7,-0.9,0.1,2024,1,,,,,
81,Scoot Henderson,131.0,PG,19.0,POR,62.0,32.0,28.5,5.0,12.9,0.385,1.4,4.3,0.325,3.5,8.5,0.416,0.44,2.7,3.3,0.819,0.9,2.3,3.1,5.4,0.8,0.2,3.4,3.1,14.0,1765.0,9.5,0.489,0.336,0.256,3.2,9.5,6.2,29.9,1.3,0.7,19.3,26.5,0.9,-1.7,-0.045,-3.5,-2.3,-5.8,-1.7,2024,1,,,,,
82,Seth Lundy,677.0,SF,23.0,ATL,9.0,0.0,5.8,0.4,1.9,0.235,0.3,1.4,0.231,0.1,0.4,0.25,0.324,0.3,0.4,0.75,0.1,0.7,0.8,0.0,0.0,0.0,0.1,0.7,1.6,52.0,0.0,0.373,0.765,0.235,2.0,13.1,7.3,0.0,0.0,0.0,5.1,15.8,0.0,-0.1,-0.092,-7.7,-5.0,-12.7,-0.1,2024,1,,,,,
83,Sidy Cissoko,569.0,SF,19.0,SAS,12.0,0.0,11.8,1.3,2.8,0.485,0.1,1.0,0.083,1.3,1.8,0.714,0.5,1.0,1.3,0.8,0.7,1.2,1.8,0.8,0.6,0.3,0.3,1.5,3.8,141.0,12.0,0.568,0.364,0.455,6.1,10.8,8.4,9.4,2.4,1.8,7.0,12.7,0.1,0.3,0.11,-4.0,1.4,-2.7,0.0,2024,1,,,,,
84,Taylor Hendricks,345.0,PF,20.0,UTA,40.0,23.0,21.4,2.7,6.0,0.45,1.3,3.5,0.379,1.4,2.5,0.55,0.56,0.6,0.7,0.793,1.2,3.5,4.6,0.8,0.7,0.8,0.7,1.9,7.3,856.0,11.8,0.578,0.583,0.121,6.0,17.7,11.9,5.0,1.6,3.1,9.7,13.7,0.6,1.2,0.07,-1.3,-0.4,-1.6,0.1,2024,1,,,,,
85,Taze Moore,510.0,SG,25.0,POR,4.0,0.0,10.0,2.0,4.8,0.421,0.3,1.8,0.143,1.8,3.0,0.583,0.447,0.3,0.5,0.5,1.0,1.0,2.0,1.3,0.5,0.0,0.8,1.0,4.5,40.0,11.8,0.453,0.368,0.105,10.6,11.9,11.2,20.4,2.5,0.0,13.1,24.3,0.0,0.0,-0.017,-2.5,-0.6,-3.1,0.0,2024,1,,,,,
86,Terquavion Smith,603.0,PG,21.0,PHI,16.0,0.0,5.3,1.1,2.9,0.391,0.8,2.2,0.371,0.3,0.7,0.455,0.533,0.2,0.3,0.6,0.0,0.3,0.3,0.8,0.5,0.0,0.4,0.5,3.3,84.0,14.8,0.539,0.761,0.109,0.0,5.4,2.6,22.1,4.7,0.0,12.7,28.4,0.1,0.1,0.05,0.3,0.5,0.8,0.1,2024,1,,,,,
87,Tosan Evbuomwan,361.0,SF,22.0,MEM,17.0,8.0,22.5,2.5,4.3,0.571,0.8,2.0,0.417,1.7,2.5,0.688,0.661,1.3,1.9,0.68,2.0,2.8,3.5,1.5,0.5,0.3,0.6,1.4,7.0,293.0,10.9,0.679,0.533,0.446,11.4,13.9,10.3,10.9,1.0,1.3,10.7,10.9,0.1,0.5,0.085,-1.9,-0.3,-2.2,0.0,2024,1,,,,,
88,Toumani Camara,331.0,PF,23.0,POR,70.0,49.0,24.8,2.8,6.3,0.45,0.8,2.5,0.337,2.0,3.8,0.523,0.516,1.1,1.4,0.758,2.0,2.9,4.9,1.2,0.9,0.5,1.2,2.5,7.5,1739.0,10.6,0.547,0.393,0.226,8.4,14.0,11.0,7.2,1.9,1.7,14.9,13.8,1.4,2.0,0.055,-3.1,0.0,-3.1,-0.5,2024,1,,,,,
89,Trayce Jackson-Davis,314.0,PF,23.0,GSW,68.0,16.0,16.6,3.4,4.9,0.702,0.0,0.0,0.0,3.4,4.9,0.704,0.702,1.1,1.9,0.561,2.0,3.0,5.0,1.2,0.4,1.1,0.7,1.6,7.9,1130.0,21.6,0.692,0.003,0.398,13.1,19.4,16.3,10.4,1.2,6.1,11.2,16.4,1.6,4.8,0.205,1.5,1.2,2.8,1.4,2024,1,,,,,
90,Trey Jemison,338.0,C,24.0,WAS,25.0,14.0,24.9,3.3,5.9,0.551,0.0,0.0,0.0,3.3,5.9,0.551,0.551,0.9,1.1,0.84,2.8,3.0,5.8,1.2,0.5,1.2,1.4,3.0,7.4,572.0,11.9,0.582,0.0,0.184,11.8,100.0,53.5,7.1,1.0,4.6,100.0,42.1,0.6,0.9,0.075,-4.7,-0.4,-5.1,0.0,2024,1,,,,,
91,Vasilije Micić,222.0,PG,30.0,OKC,60.0,21.0,27.2,4.1,9.3,0.437,1.1,3.6,0.294,3.0,5.7,0.565,0.495,1.6,1.9,0.839,0.4,1.7,2.1,6.2,0.7,0.1,2.3,1.5,10.8,815.0,11.9,0.532,0.495,0.209,1.7,7.3,4.4,33.5,1.3,0.8,22.6,20.3,0.3,0.2,0.021,-1.9,-1.4,-4.4,-0.3,2024,1,,,,,
92,Victor Wembanyama,47.0,C,20.0,SAS,71.0,71.0,29.7,7.8,16.7,0.465,1.8,5.5,0.325,6.0,11.2,0.534,0.519,4.1,5.2,0.796,2.3,8.4,10.6,3.9,1.2,3.6,3.7,2.2,21.4,2106.0,23.1,0.565,0.332,0.309,8.2,30.7,19.4,21.5,2.0,10.0,16.2,32.2,4.4,3.7,0.085,1.9,3.3,5.2,3.8,2024,1,,,,,
